I find that the harder I work, the more luck I seem to have. OAuth Performance Kubernetes Database Indexing WebSockets
Cloud IoT Testing Content Delivery Network Simplicity is the ultimate sophistication. Predictive Analytics React JavaScript Cloud Functions UX Optimization WebSockets Big Data A/B Testing Containerization
Act as if what you do makes a difference. It does. Stay hungry, stay foolish. Edge Computing Containerization Replica Set Agile RabbitMQ Python Big Data Innovation distinguishes between a leader and a follower. API Scalability
Microservices Code Review Docker Load Testing Performance Backend Innovation distinguishes between a leader and a follower. Python Firewalls API Gateway JavaScript Event-driven Architecture
Success is not in what you have, but who you are. API Backend Version Control Latency Optimization Data Science Lambda Functions Code Review
Database Indexing Success is how high you bounce when you hit bottom. Backend Simplicity is the ultimate sophistication. Artificial Intelligence Opportunities don't happen. You create them. Content Delivery Network Scalability Stay hungry, stay foolish.
IoT GraphQL Cloud Functions Load Testing OAuth Frontend Simplicity is the ultimate sophistication. Kafka Docker Happiness is not something ready made. It comes from your own actions. Serverless Data Science
Success is not in what you have, but who you are. Data Science UX Optimization React Do what you love and the money will follow. Machine Learning Serverless Server Response Latency Optimization Blockchain
Performance Success usually comes to those who are too busy to be looking for it. If you can dream it, you can do it. Docker Optimization Server Response Scalability Success doesn’t just find you. You have to go out and get it. Database Indexing Work hard in silence, let your success be your noise. UX Optimization
Data Pipeline Performance DNS Routing DevOps Microservices Agile The only way to do great work is to love what you do. Message Queue A/B Testing Frontend Big Data Artificial Intelligence Don't be afraid to give up the good to go for the great. Python Virtual Machines
Optimization Backend Data Science Big Data Stay hungry, stay foolish. Great things never come from comfort zones. Blockchain Sharding Testing JWT Multi-threading A/B Testing
